{"cameraMode":{"drawMode":0,"name":"Shaded","section":"Shading Mode"},"sceneLighting":true,"audioPlay":false,"sceneViewState":{"showFog":true,"showMaterialUpdate":false,"showSkybox":true,"showFlares":true,"showImageEffects":true,"showParticleSystems":true},"in2DMode":false,"pivot":{"x":-16894.578125,"y":23256.8515625,"z":-11907.712890625},"rotation":{"x":0.00734387943521142,"y":-0.7101127505302429,"z":0.0073614236898720268,"w":0.7040456533432007},"size":10.896374702453614,"orthographic":false}